,vehicle_financing,actual
0,0,0.3704457295161943
1,1,0.33303185030106264
