,customer_previous_purchase,actual
0,0,0.32957729684612175
1,1,0.3870684917166113
