,vehicle_warranty_used,actual
0,0,0.33568388028044543
1,1,0.35996933026635997
