,purchase_make,purchase_model,model_popularity,actual
11,ACURA,VIGOR,1,1.0
2,ACURA,ILX HYBRID,4,0.25
4,ACURA,LEGEND,4,0.75
1,ACURA,ILX,27,0.25925925925925924
0,ACURA,CL,31,0.5483870967741935
3,ACURA,INTEGRA,37,0.7297297297297297
12,ACURA,ZDX,84,0.30952380952380953
8,ACURA,RSX,142,0.4084507042253521
7,ACURA,RL,188,0.3829787234042553
6,ACURA,RDX,447,0.319910514541387
5,ACURA,MDX,1138,0.3365553602811951
10,ACURA,TSX,1191,0.33669185558354325
9,ACURA,TL,1530,0.3509803921568627
