,purchase_make,purchase_model,model_popularity,actual
307,HUMMER,H1,5,1.0
310,HUMMER,H3T,17,0.35294117647058826
308,HUMMER,H2,178,0.3202247191011236
309,HUMMER,H3,582,0.36254295532646047
