,purchase_make,purchase_model,model_popularity,actual,
366,JAGUAR,XJ6,2,0,0.34
368,JAGUAR,XJR,3,0.333333333,0.34
370,JAGUAR,XK8,9,0.666666667,0.34
371,JAGUAR,XKR,30,0.4,0.34
362,JAGUAR,S-TYPE,41,0.390243902,0.34
367,JAGUAR,XJ8,41,0.463414634,0.34
363,JAGUAR,X-TYPE,48,0.479166667,0.34
369,JAGUAR,XK,67,0.432835821,0.34
365,JAGUAR,XJ,83,0.34939759,0.34
364,JAGUAR,XF,326,0.303680982,0.34
