,purchase_make,purchase_model,model_popularity,actual
374,JEEP,CJ7,1,1.0
375,JEEP,COMANCHE,1,1.0
373,JEEP,CJ5,3,0.3333333333333333
372,JEEP,CHEROKEE,63,0.5555555555555556
379,JEEP,GRAND CHEROKEE SRT-8,104,0.33653846153846156
376,JEEP,COMMANDER,581,0.3373493975903614
377,JEEP,COMPASS,1071,0.3352007469654528
381,JEEP,PATRIOT,1596,0.3333333333333333
378,JEEP,GRAND CHEROKEE,2181,0.3516735442457588
382,JEEP,WRANGLER,2847,0.35511064278187565
380,JEEP,LIBERTY,3363,0.31608682723758547
