,purchase_make,purchase_model,model_popularity,actual
661,PORSCHE,CARRERA GT,1,1.0
659,PORSCHE,944,3,1.0
664,PORSCHE,PANAMERA,113,0.46017699115044247
660,PORSCHE,BOXSTER,207,0.3671497584541063
663,PORSCHE,CAYMAN,213,0.3333333333333333
658,PORSCHE,911,243,0.4403292181069959
662,PORSCHE,CAYENNE,283,0.38869257950530034
