,purchase_make,purchase_model,model_popularity,actual
693,SCION,IQ,47,0.3404255319148936
692,SCION,FR-S,81,0.35802469135802467
695,SCION,XA,131,0.31297709923664124
697,SCION,XD,324,0.3333333333333333
696,SCION,XB,711,0.35443037974683544
694,SCION,TC,949,0.34773445732349845
