,purchase_make,purchase_model,model_popularity,actual
706,SUBARU,SVX,2,1.0
708,SUBARU,XV CROSSTREK,7,0.42857142857142855
700,SUBARU,BAJA,21,0.23809523809523808
701,SUBARU,BRZ,30,0.5
699,SUBARU,B9 TRIBECA,63,0.3333333333333333
707,SUBARU,TRIBECA,95,0.3368421052631579
704,SUBARU,LEGACY,362,0.32320441988950277
705,SUBARU,OUTBACK,645,0.3426356589147287
702,SUBARU,FORESTER,825,0.3612121212121212
703,SUBARU,IMPREZA,847,0.3778040141676505
