,purchase_make,purchase_model,model_popularity,actual
717,SUZUKI,X-90,1,1.0
716,SUZUKI,VERONA,3,0.6666666666666666
709,SUZUKI,AERIO,12,0.16666666666666666
710,SUZUKI,EQUATOR,32,0.375
714,SUZUKI,RENO,33,0.3333333333333333
711,SUZUKI,FORENZA,115,0.3130434782608696
718,SUZUKI,XL-7,139,0.3237410071942446
713,SUZUKI,KIZASHI,219,0.2694063926940639
712,SUZUKI,GRAND VITARA,316,0.33860759493670883
715,SUZUKI,SX4,450,0.35555555555555557
