,purchase_make,actual,
0,BENTLEY,0.5,0.34
1,DAEWOO,1,0.34
2,EAGLE,1,0.34
3,FIAT,0.360349127,0.34
4,GEO,0.5,0.34
5,HUMMER,0.356777494,0.34
6,ISUZU,0.484848485,0.34
7,JAGUAR,0.36,0.34
8,LAND ROVER,0.369624886,0.34
9,LOTUS,1,0.34
10,MASERATI,1,0.34
11,MERCURY,0.337590228,0.34
12,OLDSMOBILE,0.446808511,0.34
13,PLYMOUTH,0.75,0.34
14,PORSCHE,0.395108184,0.34
15,SAAB,0.64,0.34
16,SMART,0.356725146,0.34
17,SUZUKI,0.329545455,0.34
18,VOLVO,0.358823529,0.34
